[{"model": "accounts.account", "pk": 1, "fields": {"password": "pbkdf2_sha256$216000$ulY4C6zxfI9z$5nwYYyxunlO0yEbj04dTTGV0dV9bb+oT4WdqPRv5niI=", "first_name": "Aman", "last_name": "aman", "username": "aman", "email": "aman@aman.aman", "phone_number": "61111111", "date_joined": "2022-01-17T11:44:49.653Z", "last_login": "2022-05-04T10:25:14.024Z", "is_admin": true, "is_staff": true, "is_active": true, "is_superadmin": true, "is_vendor": true}}, {"model": "accounts.account", "pk": 2, "fields": {"password": "pbkdf2_sha256$216000$TalFchORv4Dq$mMJ4hjINgyt4NS3jd7D2u2EaPMAKew2QW2klniJQ/mA=", "first_name": "aman", "last_name": "aman", "username": "65555555", "email": "aan@aman.aman", "phone_number": "65555555", "date_joined": "2022-01-18T17:50:57.089Z", "last_login": "2022-02-14T11:58:50.317Z", "is_admin": false, "is_staff": false, "is_active": true, "is_superadmin": false, "is_vendor": true}}, {"model": "accounts.account", "pk": 3, "fields": {"password": "pbkdf2_sha256$216000$O2kvV48Xls1M$NGJhJni47LLW33DlfFrdqlQ7k3kRmwSatSGr/WEryPc=", "first_name": "aman", "last_name": "aman", "username": "65222222", "email": "randinit@aman.man", "phone_number": "65222222", "date_joined": "2022-01-18T17:54:41.119Z", "last_login": "2022-01-18T17:55:34.183Z", "is_admin": false, "is_staff": false, "is_active": true, "is_superadmin": false, "is_vendor": false}}, {"model": "accounts.account", "pk": 4, "fields": {"password": "pbkdf2_sha256$216000$7sqdg99dxDYv$VaYwYgZMwDIr7uoG8xIk9i89arGDgvbJgwIOT1lNjSk=", "first_name": "aman", "last_name": "aman", "username": "65343434", "email": "ss@ss.ss", "phone_number": "65343434", "date_joined": "2022-01-18T19:05:01.177Z", "last_login": "2022-02-14T11:25:10.356Z", "is_admin": false, "is_staff": false, "is_active": true, "is_superadmin": false, "is_vendor": false}}, {"model": "accounts.account", "pk": 5, "fields": {"password": "pbkdf2_sha256$216000$92BrdNS6aYQN$NdFGV3qy7z+KNBL9yzEq1EWZEq2HOIFwIQdPcqeKV7A=", "first_name": "aman", "last_name": "aman", "username": "65121212", "email": "ss@ss.ssa", "phone_number": "65121212", "date_joined": "2022-01-18T19:06:30.858Z", "last_login": "2022-01-18T19:06:46.026Z", "is_admin": false, "is_staff": false, "is_active": true, "is_superadmin": false, "is_vendor": false}}, {"model": "accounts.account", "pk": 6, "fields": {"password": "pbkdf2_sha256$216000$GKX6cARXWbfl$preeOir3jiKDaYDry9icL7tTsjXuFAVtPsMBQTpmSJM=", "first_name": "Guwanc", "last_name": "Yegenmedov", "username": "65444444", "email": "aman@gmail.com", "phone_number": "65444444", "date_joined": "2022-01-23T12:54:45.269Z", "last_login": "2022-03-04T06:15:30.567Z", "is_admin": false, "is_staff": false, "is_active": true, "is_superadmin": false, "is_vendor": true}}, {"model": "accounts.account", "pk": 7, "fields": {"password": "pbkdf2_sha256$216000$bXax7EVXreF0$VAClpEZy7qr+oh/SONhsiqrMPvoN3RX+Enr02Qn1uUw=", "first_name": "Kerim", "last_name": "Nurgylyjow", "username": "62222222", "email": "kerim@kerim.kerim", "phone_number": "62222222", "date_joined": "2022-01-23T13:04:11.256Z", "last_login": "2022-01-23T13:04:28.694Z", "is_admin": false, "is_staff": false, "is_active": true, "is_superadmin": false, "is_vendor": false}}, {"model": "accounts.account", "pk": 8, "fields": {"password": "pbkdf2_sha256$216000$YASdSzqBfGqV$kS8OGmN76c/1qWmmkH1JH4KGPz41JHX2IntQj3q+Ix4=", "first_name": "aman", "last_name": "aman", "username": "65345434", "email": "aman@test.com", "phone_number": "65345434", "date_joined": "2022-03-15T05:14:57.449Z", "last_login": "2022-03-15T05:14:57.449Z", "is_admin": false, "is_staff": false, "is_active": false, "is_superadmin": false, "is_vendor": false}}, {"model": "accounts.userprofile", "pk": 1, "fields": {"user": 1, "profile_picture": "userprofile/1profile.jpg"}}, {"model": "accounts.userprofile", "pk": 2, "fields": {"user": 2, "profile_picture": "photos/user/default.jpg"}}, {"model": "accounts.userprofile", "pk": 3, "fields": {"user": 3, "profile_picture": "photos/user/default.jpg"}}, {"model": "accounts.userprofile", "pk": 4, "fields": {"user": 4, "profile_picture": "photos/user/default.jpg"}}, {"model": "accounts.userprofile", "pk": 5, "fields": {"user": 5, "profile_picture": "photos/user/default.jpg"}}, {"model": "accounts.userprofile", "pk": 6, "fields": {"user": 6, "profile_picture": "photos/user/default.jpg"}}, {"model": "accounts.userprofile", "pk": 7, "fields": {"user": 7, "profile_picture": "photos/user/default.jpg"}}, {"model": "accounts.userprofile", "pk": 8, "fields": {"user": 8, "profile_picture": "photos/user/default.jpg"}}, {"model": "accounts.verificationcode", "pk": 7, "fields": {"user": 8, "code": "2222"}}, {"model": "accounts.billingaddress", "pk": 6, "fields": {"user": 1, "phone_extra": "65555555", "address_line_1": "test adress 1", "address_line_2": "aman", "city": "Asgabat", "state": "Asgabat", "country": "Turkmenistan"}}, {"model": "accounts.billingaddress", "pk": 7, "fields": {"user": 6, "phone_extra": "65444444", "address_line_1": "Asgabat", "address_line_2": "Mir1", "city": "Asgabat", "state": "Asgabat", "country": "Turkmenistan"}}, {"model": "accounts.billingaddress", "pk": 8, "fields": {"user": 4, "phone_extra": "65343434", "address_line_1": "Asgabat", "address_line_2": "Mir1", "city": "Asgabat", "state": "Asgabat", "country": "Turkmenistan"}}, {"model": "accounts.vendor", "pk": 1, "fields": {"user": 1, "official_name": "sargajak", "slug": "sargajak"}}, {"model": "accounts.vendor", "pk": 2, "fields": {"user": 6, "official_name": "Caga Esik", "slug": "caga-esik"}}, {"model": "accounts.driver", "pk": 1, "fields": {"vendor": 1, "first_name": "Arslan", "last_name": "Agamyradow", "car_brand": "Toyota", "car_model": "Corolla", "car_year": "2016", "car_plate": "BM1320AH", "mobile": "65123456", "slug": ""}}, {"model": "accounts.driver", "pk": 2, "fields": {"vendor": 2, "first_name": "Kerim", "last_name": "Nurgylyjow", "car_brand": "Toyota", "car_model": "Siena", "car_year": "2008", "car_plate": "BM7428AH", "mobile": "65234566", "slug": ""}}, {"model": "carts.cart", "pk": 1, "fields": {"cart_id": "l23924995o3enxlmxkllq8kzbpus1z92", "date_added": "2022-01-18"}}, {"model": "carts.cart", "pk": 2, "fields": {"cart_id": "xn2ppjj33ekphf58plm5kqmh0ks7cudj", "date_added": "2022-01-18"}}, {"model": "carts.cart", "pk": 3, "fields": {"cart_id": "jdm2f8fgv2bgwm2we5xymn5mup5xn4fi", "date_added": "2022-01-18"}}, {"model": "carts.cart", "pk": 4, "fields": {"cart_id": "ojvkfs84aqckhh6kojxh2poj8xltptoi", "date_added": "2022-01-18"}}, {"model": "carts.cart", "pk": 5, "fields": {"cart_id": "7b8z4mcs8wu3pxgjz1yecqhphubn3ki2", "date_added": "2022-01-18"}}, {"model": "carts.cart", "pk": 6, "fields": {"cart_id": "7tkbilpfs636wcw4saoli97ulmjyly0s", "date_added": "2022-01-19"}}, {"model": "carts.cart", "pk": 7, "fields": {"cart_id": "9xkvc9fcasfupxw5rxbgfi0j7099jxyg", "date_added": "2022-01-19"}}, {"model": "carts.cart", "pk": 8, "fields": {"cart_id": "6zn5dto90cfewij1oyj0q8hg07fcd1m4", "date_added": "2022-01-20"}}, {"model": "carts.cart", "pk": 9, "fields": {"cart_id": "bv7dgyutfs02lebxsxk6rwk9pjvwoiu8", "date_added": "2022-01-22"}}, {"model": "carts.cart", "pk": 10, "fields": {"cart_id": "9b40rrbrrrrudsys14tuzvg05boj9np5", "date_added": "2022-01-23"}}, {"model": "carts.cart", "pk": 11, "fields": {"cart_id": "tzmmi1uqcfvdq1605ng7hg3hx51dritp", "date_added": "2022-02-14"}}, {"model": "carts.cart", "pk": 12, "fields": {"cart_id": "010sckuxc0jmpdwri9tftjlokqaqnxqb", "date_added": "2022-03-17"}}, {"model": "carts.cartitem", "pk": 140, "fields": {"user": null, "product": 19, "variation": 124, "cart": 12, "quantity": 2, "is_active": true}}, {"model": "carts.cartitem", "pk": 141, "fields": {"user": null, "product": 4, "variation": 79, "cart": 12, "quantity": 3, "is_active": true}}, {"model": "carts.cartitem", "pk": 144, "fields": {"user": null, "product": 2, "variation": 77, "cart": 12, "quantity": 3, "is_active": true}}, {"model": "carts.cartitem", "pk": 163, "fields": {"user": 1, "product": 27, "variation": 101, "cart": null, "quantity": 2, "is_active": true}}, {"model": "carts.cartitem", "pk": 164, "fields": {"user": 1, "product": 22, "variation": 127, "cart": null, "quantity": 2, "is_active": true}}, {"model": "carts.cartitem", "pk": 165, "fields": {"user": 1, "product": 24, "variation": 129, "cart": null, "quantity": 1, "is_active": true}}, {"model": "category.category", "pk": 4, "fields": {"name": "Winter", "parent": null, "slug": "winter", "description": "", "image": "photos/categories/default.jpg", "lft": 1, "rght": 6, "tree_id": 4, "level": 0}}, {"model": "category.category", "pk": 5, "fields": {"name": "Summer", "parent": null, "slug": "summer", "description": "", "image": "photos/categories/default.jpg", "lft": 1, "rght": 6, "tree_id": 3, "level": 0}}, {"model": "category.category", "pk": 6, "fields": {"name": "Season", "parent": null, "slug": "season", "description": "", "image": "photos/categories/default.jpg", "lft": 1, "rght": 4, "tree_id": 2, "level": 0}}, {"model": "category.category", "pk": 7, "fields": {"name": "T-Shirt", "parent": 10, "slug": "t-shirt", "description": "", "image": "photos/categories/default.jpg", "lft": 3, "rght": 4, "tree_id": 3, "level": 2}}, {"model": "category.category", "pk": 8, "fields": {"name": "Pant", "parent": 4, "slug": "pant", "description": "", "image": "photos/categories/default.jpg", "lft": 2, "rght": 3, "tree_id": 4, "level": 1}}, {"model": "category.category", "pk": 9, "fields": {"name": "Shoes", "parent": 6, "slug": "shoes", "description": "", "image": "photos/categories/default.jpg", "lft": 2, "rght": 3, "tree_id": 2, "level": 1}}, {"model": "category.category", "pk": 10, "fields": {"name": "Shoes", "parent": 5, "slug": "shoes-2", "description": "", "image": "photos/categories/default.jpg", "lft": 2, "rght": 5, "tree_id": 3, "level": 1}}, {"model": "category.category", "pk": 11, "fields": {"name": "Shoes", "parent": 4, "slug": "shoes-3", "description": "", "image": "photos/categories/default.jpg", "lft": 4, "rght": 5, "tree_id": 4, "level": 1}}, {"model": "orders.order", "pk": 85, "fields": {"vendor": 1, "user": 1, "payment": null, "order_number": "2022041785", "order_number_vendor": "20220417851", "slug": "20220417851", "first_name": "Aman", "last_name": "aman", "phone": null, "phone_extra": "65555555", "email": "aman@aman.aman", "address_line_1": "test adress 1", "address_line_2": "aman", "country": "Turkmenistan", "state": "Asgabat", "city": "Asgabat", "order_note": "", "order_total": 346.8, "tax": 6.8, "channel": null, "ip": "127.0.0.1", "is_ordered": true, "subtotal": 300.0, "delivery_fee": 0.0, "grand_total": 300.0, "driver": 2, "driver_fee": 25.0, "status": "3", "created_at": "2022-04-17T09:57:34.736Z", "updated_at": "2022-04-17T17:37:14.329Z"}}, {"model": "orders.order", "pk": 86, "fields": {"vendor": 2, "user": 1, "payment": null, "order_number": "2022041785", "order_number_vendor": "20220417852", "slug": "20220417852", "first_name": "Aman", "last_name": "aman", "phone": null, "phone_extra": "65555555", "email": "aman@aman.aman", "address_line_1": "test adress 1", "address_line_2": "aman", "country": "Turkmenistan", "state": "Asgabat", "city": "Asgabat", "order_note": "", "order_total": 346.8, "tax": 6.8, "channel": null, "ip": "127.0.0.1", "is_ordered": true, "subtotal": 40.0, "delivery_fee": 20.0, "grand_total": 60.0, "driver": 1, "driver_fee": 28.0, "status": "3", "created_at": "2022-04-17T09:57:34.822Z", "updated_at": "2022-04-17T17:13:01.535Z"}}, {"model": "orders.order", "pk": 87, "fields": {"vendor": 1, "user": 1, "payment": null, "order_number": "2022041787", "order_number_vendor": "20220417871", "slug": "20220417871", "first_name": "Aman", "last_name": "aman", "phone": null, "phone_extra": "65555555", "email": "aman@aman.aman", "address_line_1": "test adress 1", "address_line_2": "aman", "country": "Turkmenistan", "state": "Asgabat", "city": "Asgabat", "order_note": "", "order_total": 25175.64, "tax": 493.64, "channel": null, "ip": "127.0.0.1", "is_ordered": true, "subtotal": 2222.0, "delivery_fee": 0.0, "grand_total": 2222.0, "driver": 1, "driver_fee": 20.0, "status": "2", "created_at": "2022-04-17T17:47:31.824Z", "updated_at": "2022-04-17T17:48:37.941Z"}}, {"model": "orders.order", "pk": 88, "fields": {"vendor": 2, "user": 1, "payment": null, "order_number": "2022041787", "order_number_vendor": "20220417872", "slug": "20220417872", "first_name": "Aman", "last_name": "aman", "phone": null, "phone_extra": "65555555", "email": "aman@aman.aman", "address_line_1": "test adress 1", "address_line_2": "aman", "country": "Turkmenistan", "state": "Asgabat", "city": "Asgabat", "order_note": "", "order_total": 25175.64, "tax": 493.64, "channel": null, "ip": "127.0.0.1", "is_ordered": true, "subtotal": 22460.0, "delivery_fee": 0.0, "grand_total": 22460.0, "driver": 2, "driver_fee": 20.0, "status": "2", "created_at": "2022-04-17T17:47:31.925Z", "updated_at": "2022-04-17T17:48:50.973Z"}}, {"model": "orders.order", "pk": 89, "fields": {"vendor": 2, "user": 1, "payment": null, "order_number": "2022041789", "order_number_vendor": "20220417892", "slug": "20220417892", "first_name": "Aman", "last_name": "aman", "phone": null, "phone_extra": "65555555", "email": "aman@aman.aman", "address_line_1": "test adress 1", "address_line_2": "aman", "country": "Turkmenistan", "state": "Asgabat", "city": "Asgabat", "order_note": "", "order_total": 275.4, "tax": 5.4, "channel": null, "ip": "127.0.0.1", "is_ordered": true, "subtotal": 270.0, "delivery_fee": 0.0, "grand_total": 270.0, "driver": null, "driver_fee": 20.0, "status": "1", "created_at": "2022-04-17T17:47:52.133Z", "updated_at": "2022-04-17T17:47:52.191Z"}}, {"model": "orders.order", "pk": 90, "fields": {"vendor": 2, "user": 1, "payment": null, "order_number": "2022041790", "order_number_vendor": "20220417902", "slug": "20220417902", "first_name": "Aman", "last_name": "aman", "phone": null, "phone_extra": "65555555", "email": "aman@aman.aman", "address_line_1": "test adress 1", "address_line_2": "aman", "country": "Turkmenistan", "state": "Asgabat", "city": "Asgabat", "order_note": "", "order_total": 155.04, "tax": 3.04, "channel": null, "ip": "127.0.0.1", "is_ordered": true, "subtotal": 152.0, "delivery_fee": 20.0, "grand_total": 172.0, "driver": null, "driver_fee": 20.0, "status": "1", "created_at": "2022-04-17T17:48:13.460Z", "updated_at": "2022-04-17T17:48:13.514Z"}}, {"model": "orders.orderproduct", "pk": 26, "fields": {"order": 85, "payment": null, "user": 1, "product": 7, "variation": 82, "quantity": 1, "product_price": 300.0, "ordered": true, "created_at": "2022-04-17T09:57:34.769Z", "updated_at": "2022-04-17T09:57:34.769Z"}}, {"model": "orders.orderproduct", "pk": 27, "fields": {"order": 86, "payment": null, "user": 1, "product": 24, "variation": 99, "quantity": 1, "product_price": 40.0, "ordered": true, "created_at": "2022-04-17T09:57:34.865Z", "updated_at": "2022-04-17T09:57:34.865Z"}}, {"model": "orders.orderproduct", "pk": 28, "fields": {"order": 87, "payment": null, "user": 1, "product": 27, "variation": 101, "quantity": 1, "product_price": 2222.0, "ordered": true, "created_at": "2022-04-17T17:47:31.874Z", "updated_at": "2022-04-17T17:47:31.874Z"}}, {"model": "orders.orderproduct", "pk": 29, "fields": {"order": 88, "payment": null, "user": 1, "product": 25, "variation": 130, "quantity": 1, "product_price": 22460.0, "ordered": true, "created_at": "2022-04-17T17:47:31.971Z", "updated_at": "2022-04-17T17:47:31.971Z"}}, {"model": "orders.orderproduct", "pk": 30, "fields": {"order": 89, "payment": null, "user": 1, "product": 16, "variation": 107, "quantity": 1, "product_price": 270.0, "ordered": true, "created_at": "2022-04-17T17:47:52.165Z", "updated_at": "2022-04-17T17:47:52.165Z"}}, {"model": "orders.orderproduct", "pk": 31, "fields": {"order": 90, "payment": null, "user": 1, "product": 23, "variation": 98, "quantity": 1, "product_price": 152.0, "ordered": true, "created_at": "2022-04-17T17:48:13.490Z", "updated_at": "2022-04-17T17:48:13.490Z"}}, {"model": "orders.city", "pk": 1, "fields": {"name": "Aşgabat"}}, {"model": "orders.delivery", "pk": 1, "fields": {"vendor": 1, "city": 1, "fee": 20.0, "free_delivery_limit": 200.0}}, {"model": "orders.delivery", "pk": 2, "fields": {"vendor": 2, "city": 1, "fee": 20.0, "free_delivery_limit": 200.0}}, {"model": "store.product", "pk": 1, "fields": {"brand": "VisneBebe", "product_code": "21", "product_name": "tayakgap", "description": "some description1", "slug": "visnebebe-tayakgap", "image": "photos/products/default.jpg", "image_small": "", "image_thumbnail": "", "owner": 1, "category": 8, "is_available": true, "is_physical": true, "location": null, "weight": null, "lowest_price": 70.0, "highest_price": 70.0, "created_date": "2022-03-03T10:08:14.502Z", "modified_date": "2022-03-04T09:04:08.503Z"}}, {"model": "store.product", "pk": 2, "fields": {"brand": "VisneBebe", "product_code": "20", "product_name": "sayakgap", "description": "some description1", "slug": "visnebebe-sayakgap", "image": "photos/products/default.jpg", "image_small": "", "image_thumbnail": "", "owner": 1, "category": 8, "is_available": true, "is_physical": true, "location": null, "weight": null, "lowest_price": 200.0, "highest_price": 200.0, "created_date": "2022-03-03T10:08:14.527Z", "modified_date": "2022-04-17T09:50:51.076Z"}}, {"model": "store.product", "pk": 3, "fields": {"brand": "VisneBebe", "product_code": "19", "product_name": "mayakgap", "description": "some description1", "slug": "visnebebe-mayakgap", "image": "photos/products/default.jpg", "image_small": "", "image_thumbnail": "", "owner": 1, "category": 6, "is_available": true, "is_physical": true, "location": null, "weight": null, "lowest_price": 200.0, "highest_price": 200.0, "created_date": "2022-03-03T10:08:14.554Z", "modified_date": "2022-03-05T15:51:36.082Z"}}, {"model": "store.product", "pk": 4, "fields": {"brand": "VisneBebe", "product_code": "18", "product_name": "Ayakgap", "description": "some description1", "slug": "visnebebe-ayakgap", "image": "photos/products/default.jpg", "image_small": "", "image_thumbnail": "", "owner": 1, "category": 9, "is_available": true, "is_physical": true, "location": null, "weight": null, "lowest_price": 200.0, "highest_price": 200.0, "created_date": "2022-03-03T10:08:14.580Z", "modified_date": "2022-03-05T15:51:36.100Z"}}, {"model": "store.product", "pk": 5, "fields": {"brand": "VisneBebe", "product_code": "17", "product_name": "Kowus", "description": "some description1", "slug": "visnebebe-kowus", "image": "photos/products/default.jpg", "image_small": "", "image_thumbnail": "", "owner": 1, "category": 6, "is_available": true, "is_physical": true, "location": null, "weight": null, "lowest_price": 200.0, "highest_price": 200.0, "created_date": "2022-03-03T10:08:14.608Z", "modified_date": "2022-03-05T15:51:36.118Z"}}, {"model": "store.product", "pk": 6, "fields": {"brand": "VisneBebe", "product_code": "16", "product_name": "Jeans", "description": "some description1", "slug": "visnebebe-jeans", "image": "photos/products/default.jpg", "image_small": "", "image_thumbnail": "", "owner": 1, "category": 6, "is_available": true, "is_physical": true, "location": null, "weight": null, "lowest_price": 300.0, "highest_price": 300.0, "created_date": "2022-03-03T10:08:14.634Z", "modified_date": "2022-03-05T15:51:36.133Z"}}, {"model": "store.product", "pk": 7, "fields": {"brand": "VisneBebe", "product_code": "15", "product_name": "Pantalon", "description": "some description1", "slug": "visnebebe-pantalon", "image": "photos/products/default.jpg", "image_small": "", "image_thumbnail": "", "owner": 1, "category": 8, "is_available": true, "is_physical": true, "location": null, "weight": null, "lowest_price": 300.0, "highest_price": 300.0, "created_date": "2022-03-03T10:08:14.658Z", "modified_date": "2022-04-17T09:57:34.859Z"}}, {"model": "store.product", "pk": 8, "fields": {"brand": "VisneBebe", "product_code": "14", "product_name": "Jorap -10", "description": "some description1", "slug": "visnebebe-jorap-10", "image": "photos/products/default.jpg", "image_small": "photos/products/default.jpg", "image_thumbnail": "photos/products/default.jpg", "owner": 1, "category": 8, "is_available": true, "is_physical": true, "location": null, "weight": null, "lowest_price": 300.0, "highest_price": 300.0, "created_date": "2022-03-03T10:08:14.683Z", "modified_date": "2022-03-05T15:51:36.168Z"}}, {"model": "store.product", "pk": 10, "fields": {"brand": "VisneBebe", "product_code": "12", "product_name": "Jorap -8", "description": "some description1", "slug": "visnebebe-jorap-8", "image": "photos/products/default.jpg", "image_small": "photos/products/default.jpg", "image_thumbnail": "photos/products/default.jpg", "owner": 1, "category": 7, "is_available": true, "is_physical": true, "location": null, "weight": null, "lowest_price": 400.0, "highest_price": 400.0, "created_date": "2022-03-03T10:08:14.730Z", "modified_date": "2022-03-05T15:51:36.183Z"}}, {"model": "store.product", "pk": 11, "fields": {"brand": "VisneBebe", "product_code": "11", "product_name": "Jorap -7", "description": "some description1", "slug": "visnebebe-jorap-7", "image": "photos/products/default.jpg", "image_small": "photos/products/default.jpg", "image_thumbnail": "photos/products/default.jpg", "owner": 1, "category": 10, "is_available": true, "is_physical": true, "location": null, "weight": null, "lowest_price": 400.0, "highest_price": 400.0, "created_date": "2022-03-03T10:08:14.756Z", "modified_date": "2022-04-17T09:22:24.536Z"}}, {"model": "store.product", "pk": 12, "fields": {"brand": "VisneBebe", "product_code": "10", "product_name": "Jorap -6", "description": "some description1", "slug": "visnebebe-jorap-6", "image": "photos/products/default.jpg", "image_small": "", "image_thumbnail": "", "owner": 2, "category": 10, "is_available": true, "is_physical": true, "location": null, "weight": null, "lowest_price": 0.0, "highest_price": 40.0, "created_date": "2022-03-03T10:08:14.779Z", "modified_date": "2022-04-12T17:17:10.992Z"}}, {"model": "store.product", "pk": 13, "fields": {"brand": "VisneBebe", "product_code": "9", "product_name": "Jorap -5", "description": "some description1", "slug": "visnebebe-jorap-5", "image": "photos/products/default.jpg", "image_small": "", "image_thumbnail": "", "owner": 2, "category": 10, "is_available": true, "is_physical": true, "location": null, "weight": null, "lowest_price": 32.0, "highest_price": 72.0, "created_date": "2022-03-03T10:08:14.804Z", "modified_date": "2022-03-04T09:04:08.394Z"}}, {"model": "store.product", "pk": 14, "fields": {"brand": "VisneBebe", "product_code": "8", "product_name": "Jorap -4", "description": "some description1", "slug": "visnebebe-jorap-4", "image": "photos/products/default.jpg", "image_small": "", "image_thumbnail": "", "owner": 2, "category": 5, "is_available": true, "is_physical": true, "location": null, "weight": null, "lowest_price": 132.0, "highest_price": 174.0, "created_date": "2022-03-03T10:08:14.830Z", "modified_date": "2022-03-04T12:44:10.776Z"}}, {"model": "store.product", "pk": 15, "fields": {"brand": "VisneBebe", "product_code": "7", "product_name": "Jorap -3", "description": "some description1", "slug": "visnebebe-jorap-3", "image": "photos/products/default.jpg", "image_small": "", "image_thumbnail": "", "owner": 2, "category": 5, "is_available": true, "is_physical": true, "location": null, "weight": null, "lowest_price": 130.0, "highest_price": 270.0, "created_date": "2022-03-03T10:08:14.854Z", "modified_date": "2022-03-04T09:04:08.374Z"}}, {"model": "store.product", "pk": 16, "fields": {"brand": "VisneBebe", "product_code": "6", "product_name": "Jorap -2", "description": "some description1", "slug": "visnebebe-jorap-2", "image": "photos/products/default.jpg", "image_small": "", "image_thumbnail": "", "owner": 2, "category": 11, "is_available": true, "is_physical": true, "location": null, "weight": null, "lowest_price": 72.0, "highest_price": 290.0, "created_date": "2022-03-03T10:08:14.880Z", "modified_date": "2022-04-17T17:47:52.183Z"}}, {"model": "store.product", "pk": 17, "fields": {"brand": "VisneBebe", "product_code": "5", "product_name": "Jorap -1", "description": "some description1", "slug": "visnebebe-jorap-1", "image": "photos/products/default.jpg", "image_small": "", "image_thumbnail": "", "owner": 2, "category": 4, "is_available": true, "is_physical": true, "location": null, "weight": null, "lowest_price": 40.0, "highest_price": 290.0, "created_date": "2022-03-03T10:08:14.904Z", "modified_date": "2022-03-19T12:54:20.313Z"}}, {"model": "store.product", "pk": 18, "fields": {"brand": "VisneBebe", "product_code": "4", "product_name": "Koynek", "description": "some description1", "slug": "visnebebe-koynek", "image": "photos/products/default.jpg", "image_small": "", "image_thumbnail": "", "owner": 2, "category": 4, "is_available": true, "is_physical": true, "location": null, "weight": null, "lowest_price": 58.0, "highest_price": 510.0, "created_date": "2022-03-03T10:08:14.927Z", "modified_date": "2022-03-04T09:04:08.345Z"}}, {"model": "store.product", "pk": 19, "fields": {"brand": "VisneBebe", "product_code": "3", "product_name": "Sweater", "description": "some description1", "slug": "visnebebe-sweater", "image": "photos/products/default.jpg", "image_small": "", "image_thumbnail": "", "owner": 2, "category": 9, "is_available": true, "is_physical": true, "location": null, "weight": null, "lowest_price": 72.0, "highest_price": 1010.0, "created_date": "2022-03-03T10:08:14.951Z", "modified_date": "2022-03-04T09:04:08.335Z"}}, {"model": "store.product", "pk": 20, "fields": {"brand": "VisneBebe", "product_code": "2", "product_name": "T-shirt", "description": "some description1", "slug": "visnebebe-t-shirt", "image": "photos/products/default.jpg", "image_small": "", "image_thumbnail": "", "owner": 2, "category": 4, "is_available": true, "is_physical": true, "location": null, "weight": null, "lowest_price": 80.0, "highest_price": 518.0, "created_date": "2022-03-03T10:08:14.974Z", "modified_date": "2022-03-04T09:04:08.325Z"}}, {"model": "store.product", "pk": 21, "fields": {"brand": "VisneBebe", "product_code": "1", "product_name": "Body", "description": "some description1", "slug": "visnebebe-body", "image": "photos/products/default.jpg", "image_small": "", "image_thumbnail": "", "owner": 2, "category": 4, "is_available": true, "is_physical": true, "location": null, "weight": null, "lowest_price": 142.0, "highest_price": 1110.0, "created_date": "2022-03-03T10:08:14.997Z", "modified_date": "2022-03-04T09:04:08.315Z"}}, {"model": "store.product", "pk": 22, "fields": {"brand": "LCW", "product_code": "", "product_name": "caga esik dukanyndan", "description": "manual description2", "slug": "lcw-caga-esik-dukanyndan", "image": "photos/products/default.jpg", "image_small": "", "image_thumbnail": "", "owner": 2, "category": 7, "is_available": true, "is_physical": true, "location": null, "weight": null, "lowest_price": 46.0, "highest_price": 1310.0, "created_date": "2022-03-03T10:08:15.021Z", "modified_date": "2022-03-04T09:04:08.305Z"}}, {"model": "store.product", "pk": 23, "fields": {"brand": "LCW", "product_code": "", "product_name": "Wrangler T-Shirt", "description": "manual description2", "slug": "lcw-wrangler-t-shirt", "image": "photos/products/default.jpg", "image_small": "", "image_thumbnail": "", "owner": 2, "category": 7, "is_available": true, "is_physical": true, "location": null, "weight": null, "lowest_price": 152.0, "highest_price": 4014.0, "created_date": "2022-03-03T10:08:15.045Z", "modified_date": "2022-04-17T17:48:13.507Z"}}, {"model": "store.product", "pk": 24, "fields": {"brand": "LCW", "product_code": null, "product_name": "US Polo Jacket", "description": "manual description2", "slug": "lcw-us-polo-jacket", "image": "photos/products/default.jpg", "image_small": "", "image_thumbnail": "", "owner": 2, "category": 7, "is_available": true, "is_physical": true, "location": null, "weight": null, "lowest_price": 40.0, "highest_price": 30010.0, "created_date": "2022-03-03T10:08:15.069Z", "modified_date": "2022-04-17T09:57:34.879Z"}}, {"model": "store.product", "pk": 25, "fields": {"brand": "", "product_code": "", "product_name": "ATX-Jeans test", "description": "manual description2", "slug": "atx-jeans-test", "image": "photos/products/default.jpg", "image_small": "", "image_thumbnail": "", "owner": 2, "category": 5, "is_available": true, "is_physical": true, "location": null, "weight": null, "lowest_price": 1110.0, "highest_price": 22460.0, "created_date": "2022-03-03T10:08:15.092Z", "modified_date": "2022-04-17T17:47:31.988Z"}}, {"model": "store.product", "pk": 27, "fields": {"brand": "Dell", "product_code": "D-00-34", "product_name": "Laptop", "description": "Best laptop around", "slug": "dell-laptop", "image": "photos/products/default.jpg", "image_small": "", "image_thumbnail": "", "owner": 1, "category": 6, "is_available": true, "is_physical": true, "location": null, "weight": null, "lowest_price": 2222.0, "highest_price": 2222.0, "created_date": "2022-03-03T11:00:25.227Z", "modified_date": "2022-04-17T17:47:31.964Z"}}, {"model": "store.product", "pk": 28, "fields": {"brand": null, "product_code": null, "product_name": "Shoes", "description": "Very beatiful shoes", "slug": "none-shoes", "image": "", "image_small": "", "image_thumbnail": "", "owner": 1, "category": 9, "is_available": true, "is_physical": true, "location": null, "weight": null, "lowest_price": 0.0, "highest_price": 0.0, "created_date": "2022-03-17T04:16:11.432Z", "modified_date": "2022-03-17T04:16:11.432Z"}}, {"model": "store.color", "pk": 5, "fields": {"name": "No Variation"}}, {"model": "store.color", "pk": 6, "fields": {"name": "Yellow"}}, {"model": "store.color", "pk": 7, "fields": {"name": "Blue"}}, {"model": "store.color", "pk": 8, "fields": {"name": "Black"}}, {"model": "store.size", "pk": 5, "fields": {"name": "No Variation"}}, {"model": "store.size", "pk": 6, "fields": {"name": "S"}}, {"model": "store.size", "pk": 7, "fields": {"name": "M"}}, {"model": "store.size", "pk": 8, "fields": {"name": "L"}}, {"model": "store.variation", "pk": 76, "fields": {"product": 1, "sku": null, "barcode": null, "color": 5, "size": 5, "quantity": 0, "currency": null, "initial_price": 35.0, "expense_percentage": 100.0, "expense_fixed": 0.0, "final_price": 70.0, "sale_price": 70.0, "image": "", "in_stock": false, "is_active": true, "created_data": "2022-03-04T06:38:38.501Z"}}, {"model": "store.variation", "pk": 77, "fields": {"product": 2, "sku": null, "barcode": null, "color": 6, "size": 6, "quantity": 6, "currency": null, "initial_price": 100.0, "expense_percentage": 100.0, "expense_fixed": 0.0, "final_price": 200.0, "sale_price": 200.0, "image": "", "in_stock": true, "is_active": true, "created_data": "2022-04-17T09:50:51.065Z"}}, {"model": "store.variation", "pk": 78, "fields": {"product": 3, "sku": null, "barcode": null, "color": 6, "size": 6, "quantity": 10, "currency": null, "initial_price": 100.0, "expense_percentage": 100.0, "expense_fixed": 0.0, "final_price": 200.0, "sale_price": 200.0, "image": "", "in_stock": true, "is_active": true, "created_data": "2022-03-05T15:51:36.072Z"}}, {"model": "store.variation", "pk": 79, "fields": {"product": 4, "sku": null, "barcode": null, "color": 6, "size": 6, "quantity": 10, "currency": null, "initial_price": 100.0, "expense_percentage": 100.0, "expense_fixed": 0.0, "final_price": 200.0, "sale_price": 200.0, "image": "", "in_stock": true, "is_active": true, "created_data": "2022-03-05T15:51:36.092Z"}}, {"model": "store.variation", "pk": 80, "fields": {"product": 5, "sku": null, "barcode": null, "color": 6, "size": 6, "quantity": 10, "currency": null, "initial_price": 100.0, "expense_percentage": 100.0, "expense_fixed": 0.0, "final_price": 200.0, "sale_price": 200.0, "image": "", "in_stock": true, "is_active": true, "created_data": "2022-03-05T15:51:36.111Z"}}, {"model": "store.variation", "pk": 81, "fields": {"product": 6, "sku": null, "barcode": null, "color": 6, "size": 6, "quantity": 10, "currency": null, "initial_price": 150.0, "expense_percentage": 100.0, "expense_fixed": 0.0, "final_price": 300.0, "sale_price": 300.0, "image": "", "in_stock": true, "is_active": true, "created_data": "2022-03-05T15:51:36.125Z"}}, {"model": "store.variation", "pk": 82, "fields": {"product": 7, "sku": null, "barcode": null, "color": 6, "size": 6, "quantity": 8, "currency": null, "initial_price": 150.0, "expense_percentage": 100.0, "expense_fixed": 0.0, "final_price": 300.0, "sale_price": 300.0, "image": "", "in_stock": true, "is_active": true, "created_data": "2022-04-17T09:57:34.850Z"}}, {"model": "store.variation", "pk": 83, "fields": {"product": 8, "sku": null, "barcode": null, "color": 6, "size": 6, "quantity": 10, "currency": null, "initial_price": 150.0, "expense_percentage": 100.0, "expense_fixed": 0.0, "final_price": 300.0, "sale_price": 300.0, "image": "", "in_stock": true, "is_active": true, "created_data": "2022-03-05T15:51:36.159Z"}}, {"model": "store.variation", "pk": 85, "fields": {"product": 10, "sku": null, "barcode": null, "color": 6, "size": 6, "quantity": 10, "currency": null, "initial_price": 200.0, "expense_percentage": 100.0, "expense_fixed": 0.0, "final_price": 400.0, "sale_price": 400.0, "image": "", "in_stock": true, "is_active": true, "created_data": "2022-03-05T15:51:36.177Z"}}, {"model": "store.variation", "pk": 86, "fields": {"product": 11, "sku": null, "barcode": null, "color": 6, "size": 6, "quantity": 4, "currency": null, "initial_price": 200.0, "expense_percentage": 100.0, "expense_fixed": 0.0, "final_price": 400.0, "sale_price": 400.0, "image": "", "in_stock": true, "is_active": true, "created_data": "2022-04-17T09:22:24.526Z"}}, {"model": "store.variation", "pk": 87, "fields": {"product": 12, "sku": null, "barcode": null, "color": 5, "size": 5, "quantity": 0, "currency": null, "initial_price": 0.0, "expense_percentage": 0.0, "expense_fixed": 0.0, "final_price": 0.0, "sale_price": 0.0, "image": "", "in_stock": false, "is_active": true, "created_data": "2022-03-03T10:08:14.796Z"}}, {"model": "store.variation", "pk": 88, "fields": {"product": 13, "sku": null, "barcode": null, "color": 7, "size": 5, "quantity": 10, "currency": null, "initial_price": 11.0, "expense_percentage": 100.0, "expense_fixed": 10.0, "final_price": 32.0, "sale_price": 32.0, "image": "", "in_stock": true, "is_active": true, "created_data": "2022-03-04T06:33:14.793Z"}}, {"model": "store.variation", "pk": 89, "fields": {"product": 14, "sku": null, "barcode": null, "color": 7, "size": 5, "quantity": 10, "currency": null, "initial_price": 61.0, "expense_percentage": 100.0, "expense_fixed": 10.0, "final_price": 132.0, "sale_price": 132.0, "image": "", "in_stock": true, "is_active": true, "created_data": "2022-03-04T06:33:14.855Z"}}, {"model": "store.variation", "pk": 90, "fields": {"product": 15, "sku": null, "barcode": null, "color": 7, "size": 5, "quantity": 10, "currency": null, "initial_price": 60.0, "expense_percentage": 100.0, "expense_fixed": 10.0, "final_price": 130.0, "sale_price": 130.0, "image": "", "in_stock": true, "is_active": true, "created_data": "2022-03-04T06:33:14.914Z"}}, {"model": "store.variation", "pk": 91, "fields": {"product": 16, "sku": null, "barcode": null, "color": 7, "size": 5, "quantity": 10, "currency": null, "initial_price": 31.0, "expense_percentage": 100.0, "expense_fixed": 10.0, "final_price": 72.0, "sale_price": 72.0, "image": "", "in_stock": true, "is_active": true, "created_data": "2022-03-04T06:33:14.968Z"}}, {"model": "store.variation", "pk": 92, "fields": {"product": 17, "sku": null, "barcode": null, "color": 7, "size": 5, "quantity": 10, "currency": null, "initial_price": 71.0, "expense_percentage": 100.0, "expense_fixed": 10.0, "final_price": 152.0, "sale_price": 152.0, "image": "", "in_stock": true, "is_active": true, "created_data": "2022-03-04T06:33:15.023Z"}}, {"model": "store.variation", "pk": 93, "fields": {"product": 18, "sku": null, "barcode": null, "color": 7, "size": 5, "quantity": 10, "currency": null, "initial_price": 24.0, "expense_percentage": 100.0, "expense_fixed": 10.0, "final_price": 58.0, "sale_price": 58.0, "image": "", "in_stock": true, "is_active": true, "created_data": "2022-03-04T06:33:15.077Z"}}, {"model": "store.variation", "pk": 94, "fields": {"product": 19, "sku": null, "barcode": null, "color": 7, "size": 5, "quantity": 10, "currency": null, "initial_price": 31.0, "expense_percentage": 100.0, "expense_fixed": 10.0, "final_price": 72.0, "sale_price": 72.0, "image": "", "in_stock": true, "is_active": true, "created_data": "2022-03-04T06:33:15.135Z"}}, {"model": "store.variation", "pk": 95, "fields": {"product": 20, "sku": null, "barcode": null, "color": 7, "size": 5, "quantity": 10, "currency": null, "initial_price": 35.0, "expense_percentage": 100.0, "expense_fixed": 10.0, "final_price": 80.0, "sale_price": 80.0, "image": "", "in_stock": true, "is_active": true, "created_data": "2022-03-04T06:33:15.189Z"}}, {"model": "store.variation", "pk": 96, "fields": {"product": 21, "sku": null, "barcode": null, "color": 7, "size": 5, "quantity": 10, "currency": null, "initial_price": 66.0, "expense_percentage": 100.0, "expense_fixed": 10.0, "final_price": 142.0, "sale_price": 142.0, "image": "", "in_stock": true, "is_active": true, "created_data": "2022-03-04T06:33:15.243Z"}}, {"model": "store.variation", "pk": 97, "fields": {"product": 22, "sku": null, "barcode": null, "color": 7, "size": 5, "quantity": 10, "currency": null, "initial_price": 18.0, "expense_percentage": 100.0, "expense_fixed": 10.0, "final_price": 46.0, "sale_price": 46.0, "image": "", "in_stock": true, "is_active": true, "created_data": "2022-03-04T06:33:15.299Z"}}, {"model": "store.variation", "pk": 98, "fields": {"product": 23, "sku": null, "barcode": null, "color": 7, "size": 5, "quantity": 7, "currency": null, "initial_price": 71.0, "expense_percentage": 100.0, "expense_fixed": 10.0, "final_price": 152.0, "sale_price": 152.0, "image": "", "in_stock": true, "is_active": true, "created_data": "2022-04-17T17:48:13.496Z"}}, {"model": "store.variation", "pk": 99, "fields": {"product": 24, "sku": null, "barcode": null, "color": 7, "size": 5, "quantity": 6, "currency": null, "initial_price": 15.0, "expense_percentage": 100.0, "expense_fixed": 10.0, "final_price": 40.0, "sale_price": 40.0, "image": "photos/products/99_medium.jpg", "in_stock": true, "is_active": true, "created_data": "2022-04-17T09:57:34.870Z"}}, {"model": "store.variation", "pk": 100, "fields": {"product": 25, "sku": null, "barcode": null, "color": 7, "size": 5, "quantity": 10, "currency": null, "initial_price": 550.0, "expense_percentage": 100.0, "expense_fixed": 10.0, "final_price": 1110.0, "sale_price": 1110.0, "image": "", "in_stock": true, "is_active": true, "created_data": "2022-03-04T06:33:15.471Z"}}, {"model": "store.variation", "pk": 101, "fields": {"product": 27, "sku": "sku-001", "barcode": null, "color": 6, "size": 6, "quantity": 5, "currency": null, "initial_price": 2122.0, "expense_percentage": 0.0, "expense_fixed": 100.0, "final_price": 2222.0, "sale_price": 2222.0, "image": "", "in_stock": true, "is_active": true, "created_data": "2022-04-17T17:47:31.954Z"}}, {"model": "store.variation", "pk": 103, "fields": {"product": 12, "sku": null, "barcode": null, "color": 6, "size": 5, "quantity": 8, "currency": null, "initial_price": 11.0, "expense_percentage": 100.0, "expense_fixed": 0.0, "final_price": 22.0, "sale_price": 22.0, "image": "", "in_stock": true, "is_active": true, "created_data": "2022-04-12T17:17:10.983Z"}}, {"model": "store.variation", "pk": 104, "fields": {"product": 13, "sku": null, "barcode": null, "color": 6, "size": 5, "quantity": 10, "currency": null, "initial_price": 31.0, "expense_percentage": 100.0, "expense_fixed": 10.0, "final_price": 72.0, "sale_price": 72.0, "image": "", "in_stock": true, "is_active": true, "created_data": "2022-03-04T06:33:14.815Z"}}, {"model": "store.variation", "pk": 105, "fields": {"product": 14, "sku": null, "barcode": null, "color": 6, "size": 5, "quantity": 10, "currency": null, "initial_price": 77.0, "expense_percentage": 100.0, "expense_fixed": 10.0, "final_price": 164.0, "sale_price": 164.0, "image": "", "in_stock": true, "is_active": true, "created_data": "2022-03-04T12:43:53.047Z"}}, {"model": "store.variation", "pk": 106, "fields": {"product": 15, "sku": null, "barcode": null, "color": 6, "size": 5, "quantity": 10, "currency": null, "initial_price": 120.0, "expense_percentage": 100.0, "expense_fixed": 10.0, "final_price": 250.0, "sale_price": 250.0, "image": "", "in_stock": true, "is_active": true, "created_data": "2022-03-04T06:33:14.932Z"}}, {"model": "store.variation", "pk": 107, "fields": {"product": 16, "sku": null, "barcode": null, "color": 6, "size": 5, "quantity": 9, "currency": null, "initial_price": 130.0, "expense_percentage": 100.0, "expense_fixed": 10.0, "final_price": 270.0, "sale_price": 270.0, "image": "", "in_stock": true, "is_active": true, "created_data": "2022-04-17T17:47:52.173Z"}}, {"model": "store.variation", "pk": 108, "fields": {"product": 17, "sku": null, "barcode": null, "color": 6, "size": 5, "quantity": 10, "currency": null, "initial_price": 140.0, "expense_percentage": 100.0, "expense_fixed": 10.0, "final_price": 290.0, "sale_price": 290.0, "image": "", "in_stock": true, "is_active": true, "created_data": "2022-03-04T06:33:15.042Z"}}, {"model": "store.variation", "pk": 109, "fields": {"product": 18, "sku": null, "barcode": null, "color": 6, "size": 5, "quantity": 10, "currency": null, "initial_price": 200.0, "expense_percentage": 100.0, "expense_fixed": 10.0, "final_price": 410.0, "sale_price": 410.0, "image": "", "in_stock": true, "is_active": true, "created_data": "2022-03-04T06:33:15.097Z"}}, {"model": "store.variation", "pk": 110, "fields": {"product": 19, "sku": null, "barcode": null, "color": 6, "size": 5, "quantity": 10, "currency": null, "initial_price": 310.0, "expense_percentage": 100.0, "expense_fixed": 10.0, "final_price": 630.0, "sale_price": 630.0, "image": "", "in_stock": true, "is_active": true, "created_data": "2022-03-04T06:33:15.153Z"}}, {"model": "store.variation", "pk": 111, "fields": {"product": 20, "sku": null, "barcode": null, "color": 6, "size": 5, "quantity": 10, "currency": null, "initial_price": 251.0, "expense_percentage": 100.0, "expense_fixed": 10.0, "final_price": 512.0, "sale_price": 512.0, "image": "", "in_stock": true, "is_active": true, "created_data": "2022-03-04T06:33:15.208Z"}}, {"model": "store.variation", "pk": 112, "fields": {"product": 21, "sku": null, "barcode": null, "color": 6, "size": 5, "quantity": 10, "currency": null, "initial_price": 156.0, "expense_percentage": 100.0, "expense_fixed": 10.0, "final_price": 322.0, "sale_price": 322.0, "image": "", "in_stock": true, "is_active": true, "created_data": "2022-03-04T06:33:15.262Z"}}, {"model": "store.variation", "pk": 113, "fields": {"product": 22, "sku": null, "barcode": null, "color": 6, "size": 5, "quantity": 10, "currency": null, "initial_price": 550.0, "expense_percentage": 100.0, "expense_fixed": 10.0, "final_price": 1110.0, "sale_price": 1110.0, "image": "", "in_stock": true, "is_active": true, "created_data": "2022-03-04T06:33:15.318Z"}}, {"model": "store.variation", "pk": 114, "fields": {"product": 23, "sku": null, "barcode": null, "color": 6, "size": 5, "quantity": 10, "currency": null, "initial_price": 1000.0, "expense_percentage": 100.0, "expense_fixed": 10.0, "final_price": 2010.0, "sale_price": 2010.0, "image": "", "in_stock": true, "is_active": true, "created_data": "2022-03-04T06:33:15.377Z"}}, {"model": "store.variation", "pk": 115, "fields": {"product": 24, "sku": null, "barcode": null, "color": 6, "size": 5, "quantity": 10, "currency": null, "initial_price": 5000.0, "expense_percentage": 100.0, "expense_fixed": 10.0, "final_price": 10010.0, "sale_price": 10010.0, "image": "", "in_stock": true, "is_active": true, "created_data": "2022-03-04T06:33:15.435Z"}}, {"model": "store.variation", "pk": 116, "fields": {"product": 25, "sku": null, "barcode": null, "color": 6, "size": 5, "quantity": 10, "currency": null, "initial_price": 1520.0, "expense_percentage": 100.0, "expense_fixed": 10.0, "final_price": 3050.0, "sale_price": 3050.0, "image": "", "in_stock": true, "is_active": true, "created_data": "2022-03-04T06:33:15.490Z"}}, {"model": "store.variation", "pk": 117, "fields": {"product": 12, "sku": null, "barcode": null, "color": 8, "size": 5, "quantity": 10, "currency": null, "initial_price": 20.0, "expense_percentage": 100.0, "expense_fixed": 0.0, "final_price": 40.0, "sale_price": 40.0, "image": "", "in_stock": true, "is_active": true, "created_data": "2022-03-04T06:33:14.774Z"}}, {"model": "store.variation", "pk": 118, "fields": {"product": 13, "sku": null, "barcode": null, "color": 8, "size": 5, "quantity": 10, "currency": null, "initial_price": 12.0, "expense_percentage": 100.0, "expense_fixed": 10.0, "final_price": 34.0, "sale_price": 34.0, "image": "", "in_stock": true, "is_active": true, "created_data": "2022-03-04T06:33:14.836Z"}}, {"model": "store.variation", "pk": 119, "fields": {"product": 14, "sku": null, "barcode": null, "color": 8, "size": 5, "quantity": 10, "currency": null, "initial_price": 82.0, "expense_percentage": 100.0, "expense_fixed": 10.0, "final_price": 174.0, "sale_price": 174.0, "image": "", "in_stock": true, "is_active": true, "created_data": "2022-03-04T12:44:10.770Z"}}, {"model": "store.variation", "pk": 120, "fields": {"product": 15, "sku": null, "barcode": null, "color": 8, "size": 5, "quantity": 10, "currency": null, "initial_price": 130.0, "expense_percentage": 100.0, "expense_fixed": 10.0, "final_price": 270.0, "sale_price": 270.0, "image": "", "in_stock": true, "is_active": true, "created_data": "2022-03-04T06:33:14.949Z"}}, {"model": "store.variation", "pk": 121, "fields": {"product": 16, "sku": null, "barcode": null, "color": 8, "size": 5, "quantity": 10, "currency": null, "initial_price": 140.0, "expense_percentage": 100.0, "expense_fixed": 10.0, "final_price": 290.0, "sale_price": 290.0, "image": "", "in_stock": true, "is_active": true, "created_data": "2022-03-04T06:33:15.006Z"}}, {"model": "store.variation", "pk": 122, "fields": {"product": 17, "sku": null, "barcode": null, "color": 8, "size": 5, "quantity": 4, "currency": null, "initial_price": 15.0, "expense_percentage": 100.0, "expense_fixed": 10.0, "final_price": 40.0, "sale_price": 40.0, "image": "", "in_stock": true, "is_active": true, "created_data": "2022-03-19T12:54:20.302Z"}}, {"model": "store.variation", "pk": 123, "fields": {"product": 18, "sku": null, "barcode": null, "color": 8, "size": 5, "quantity": 10, "currency": null, "initial_price": 250.0, "expense_percentage": 100.0, "expense_fixed": 10.0, "final_price": 510.0, "sale_price": 510.0, "image": "", "in_stock": true, "is_active": true, "created_data": "2022-03-04T06:33:15.116Z"}}, {"model": "store.variation", "pk": 124, "fields": {"product": 19, "sku": null, "barcode": null, "color": 8, "size": 5, "quantity": 10, "currency": null, "initial_price": 500.0, "expense_percentage": 100.0, "expense_fixed": 10.0, "final_price": 1010.0, "sale_price": 1010.0, "image": "", "in_stock": true, "is_active": true, "created_data": "2022-03-04T06:33:15.170Z"}}, {"model": "store.variation", "pk": 125, "fields": {"product": 20, "sku": null, "barcode": null, "color": 8, "size": 5, "quantity": 10, "currency": null, "initial_price": 254.0, "expense_percentage": 100.0, "expense_fixed": 10.0, "final_price": 518.0, "sale_price": 518.0, "image": "", "in_stock": true, "is_active": true, "created_data": "2022-03-04T06:33:15.226Z"}}, {"model": "store.variation", "pk": 126, "fields": {"product": 21, "sku": null, "barcode": null, "color": 8, "size": 5, "quantity": 10, "currency": null, "initial_price": 550.0, "expense_percentage": 100.0, "expense_fixed": 10.0, "final_price": 1110.0, "sale_price": 1110.0, "image": "", "in_stock": true, "is_active": true, "created_data": "2022-03-04T06:33:15.281Z"}}, {"model": "store.variation", "pk": 127, "fields": {"product": 22, "sku": null, "barcode": null, "color": 8, "size": 5, "quantity": 10, "currency": null, "initial_price": 650.0, "expense_percentage": 100.0, "expense_fixed": 10.0, "final_price": 1310.0, "sale_price": 1310.0, "image": "", "in_stock": true, "is_active": true, "created_data": "2022-03-04T06:33:15.339Z"}}, {"model": "store.variation", "pk": 128, "fields": {"product": 23, "sku": null, "barcode": null, "color": 8, "size": 5, "quantity": 10, "currency": null, "initial_price": 2002.0, "expense_percentage": 100.0, "expense_fixed": 10.0, "final_price": 4014.0, "sale_price": 4014.0, "image": "", "in_stock": true, "is_active": true, "created_data": "2022-03-04T06:33:15.396Z"}}, {"model": "store.variation", "pk": 129, "fields": {"product": 24, "sku": null, "barcode": null, "color": 8, "size": 5, "quantity": 8, "currency": null, "initial_price": 15000.0, "expense_percentage": 100.0, "expense_fixed": 10.0, "final_price": 30010.0, "sale_price": 30010.0, "image": "", "in_stock": true, "is_active": true, "created_data": "2022-04-17T09:22:24.485Z"}}, {"model": "store.variation", "pk": 130, "fields": {"product": 25, "sku": null, "barcode": null, "color": 8, "size": 5, "quantity": 2, "currency": null, "initial_price": 11225.0, "expense_percentage": 100.0, "expense_fixed": 10.0, "final_price": 22460.0, "sale_price": 22460.0, "image": "", "in_stock": true, "is_active": true, "created_data": "2022-04-17T17:47:31.976Z"}}, {"model": "store.currency", "pk": 7, "fields": {"code": "TMT", "num": null, "currency": "Manat"}}, {"model": "store.currency", "pk": 8, "fields": {"code": "TRY", "num": null, "currency": "Lira"}}, {"model": "store.currency", "pk": 9, "fields": {"code": "RUB", "num": null, "currency": "Ruble"}}, {"model": "store.currency", "pk": 10, "fields": {"code": "USD", "num": null, "currency": "Dollar"}}, {"model": "store.currencyrates", "pk": 1, "fields": {"vendor": 1, "currency": 7, "usdequivalent": 21.0}}, {"model": "store.currencyrates", "pk": 2, "fields": {"vendor": 1, "currency": 8, "usdequivalent": 13.5}}, {"model": "store.currencyrates", "pk": 3, "fields": {"vendor": 1, "currency": 9, "usdequivalent": 75.0}}, {"model": "store.currencyrates", "pk": 4, "fields": {"vendor": 1, "currency": 10, "usdequivalent": 1.0}}, {"model": "store.currencyrates", "pk": 5, "fields": {"vendor": 2, "currency": 7, "usdequivalent": 21.0}}, {"model": "store.currencyrates", "pk": 6, "fields": {"vendor": 2, "currency": 8, "usdequivalent": 13.5}}, {"model": "store.currencyrates", "pk": 7, "fields": {"vendor": 2, "currency": 9, "usdequivalent": 75.0}}, {"model": "store.currencyrates", "pk": 8, "fields": {"vendor": 2, "currency": 10, "usdequivalent": 1.0}}, {"model": "store.transport", "pk": 1, "fields": {"name": "Visne Bebe", "increase_type": "percentage", "increase_amount": 1.07}}, {"model": "store.transport", "pk": 2, "fields": {"name": "TrendYol", "increase_type": "percentage", "increase_amount": 1.1}}, {"model": "store.tax", "pk": 1, "fields": {"name": "Patent Salgydy", "increase_type": "percentage", "increase_amount": 1.02}}, {"model": "store.moneytransfer", "pk": 1, "fields": {"name": "Turkiye", "increase_type": "percentage", "increase_amount": 1.03}}, {"model": "store.income", "pk": 1, "fields": {"name": "Visne Bebe", "increase_type": "percentage", "increase_amount": 2.0}}, {"model": "store.income", "pk": 2, "fields": {"name": "TrendYol", "increase_type": "percentage", "increase_amount": 1.2}}]